{
  "object_id": "005_tomato_soup_can",
  "n_keyframes": 5,
  "keyframes": [
    {
      "qpos": [
        -0.0001293182439319869,
        -0.2385511232465007,
        -2.0068382840607633e-05,
        0.8943503445896248,
        -0.0003436935433577875,
        1.1581174197282833,
        -1.6311301958365226e-06,
        0.005495895186105357,
        -9.413912527648185e-07,
        0.0015175957790458054,
        0.00031773908028265014,
        0.0054958951871354215,
        -9.413912510433511e-07,
        0.0015175957807250142,
        0.00031773908022465736,
        0.00549589518622348,
        -9.413912492779655e-07,
        0.0015175957804632093,
        0.0003177390801667374,
        1.8987439886570436,
        2.2566548914406445e-05,
        0.00012483382326029016,
        4.2449987537144954e-05,
        0.3999173013692435,
        -1.3422119739558178e-05,
        0.000842534742284979,
        0.9999996884874066,
        0.0001872925536004873,
        -0.000766776699493357,
        -2.87091678958946e-07
      ],
      "ctrl": [
        -4.5248421038187296e-06,
        -0.24705550154378808,
        6.5394516756856265e-06,
        0.9088419525860236,
        4.474703561062873e-06,
        1.1563339485534208,
        -3.391854694378288e-06,
        0.0,
        0.0,
        0.0,
        0.0,
        0.0,
        0.0,
        0.0,
        0.0,
        0.0,
        0.0,
        0.0,
        0.0,
        1.9,
        0.0,
        0.0,
        0.0
      ],
      "grasp_t": 0.0,
      "ee_pos": [
        0.39835546647623166,
        -7.992991039800724e-05,
        0.3901787503900118
      ],
      "obj_pos": [
        0.3999173013692435,
        -1.3422119739558127e-05,
        0.000842534742284979
      ],
      "time": 24.290000000006703
    },
    {
      "qpos": [
        0.6600466300766785,
        0.3889039724064566,
        0.045442236182648664,
        0.9097183314828519,
        -0.9811094073844793,
        1.9877670327496348,
        1.1303906769761536,
        -0.0004482228868673329,
        -0.002247071080381294,
        -0.00012597522587510344,
        -2.7226999525670273e-05,
        -0.0004482147057968262,
        -0.002247071119523452,
        -0.00012597430160667483,
        -2.7227203486814623e-05,
        -0.00044820652609431827,
        -0.0022470711586729773,
        -0.00012597337883924143,
        -2.7227407448075708e-05,
        1.895981532748954,
        6.300656240616164e-05,
        2.7272406480398476e-05,
        1.6763289827824524e-06,
        0.3999173013692435,
        -1.3422119741205008e-05,
        0.0008425347422849234,
        0.9999996884874066,
        0.0001872925536008238,
        -0.0007667766994933623,
        -2.870916789230963e-07
      ],
      "ctrl": [
        0.6592037608551246,
        0.37543217554734243,
        0.0456171602248496,
        0.917794626198303,
        -0.983380078448608,
        1.9916291670481574,
        1.1326021809443274,
        0.0,
        0.0,
        0.0,
        0.0,
        0.0,
        0.0,
        0.0,
        0.0,
        0.0,
        0.0,
        0.0,
        0.0,
        1.9,
        0.0,
        0.0,
        0.0
      ],
      "grasp_t": 0.0,
      "ee_pos": [
        0.33422444468570583,
        0.15418282764193877,
        0.19885785053365407
      ],
      "obj_pos": [
        0.3999173013692435,
        -1.3422119741204944e-05,
        0.0008425347422849234
      ],
      "time": 58.279999999954875
    },
    {
      "qpos": [
        0.8509978093752074,
        0.8158376085486071,
        -0.1846486192834223,
        1.1130116515594204,
        -0.8721088510819922,
        1.7603618771169383,
        1.2314128972920129,
        -0.0004949269347167474,
        0.005897584873769594,
        0.0005268202747903363,
        0.0010197360536624625,
        -0.00048038272296926216,
        -0.002246476758656243,
        -0.0001344316652887604,
        -2.8863926372803436e-05,
        -0.0004803819353468212,
        -0.002246476758761748,
        -0.00013443146342692936,
        -2.8863884968346134e-05,
        1.895988956940588,
        6.277601376630415e-05,
        1.603522443954513e-05,
        -1.1413261697350157e-06,
        0.3999173013692435,
        -1.3422119742111752e-05,
        0.0008425347422849026,
        0.9999996884874066,
        0.00018729255360094865,
        -0.0007667766994933372,
        -2.870916789432611e-07
      ],
      "ctrl": [
        0.8490597714887038,
        0.8117637238319079,
        -0.18882278260189814,
        1.1252497545066085,
        -0.8729506569925143,
        1.7547871962130048,
        1.2325799724074318,
        0.0,
        0.0,
        0.0,
        0.0,
        0.0,
        0.0,
        0.0,
        0.0,
        0.0,
        0.0,
        0.0,
        0.0,
        1.9,
        0.0,
        0.0,
        0.0
      ],
      "grasp_t": 0.0,
      "ee_pos": [
        0.3547653882401587,
        0.16440691202622282,
        0.06655904825889046
      ],
      "obj_pos": [
        0.3999173013692435,
        -1.3422119742111752e-05,
        0.0008425347422849026
      ],
      "time": 76.77200000000252
    },
    {
      "qpos": [
        0.8513450906865644,
        0.8159974889397896,
        -0.18494386154794548,
        1.1132799590842615,
        -0.8712703601099038,
        1.7611398271621426,
        1.2314031029462527,
        1.014090639786694,
        0.0024340685928712857,
        0.675409571868336,
        0.9327266379527063,
        0.8926739617074637,
        0.005298667891914671,
        0.8006919787530575,
        0.9005998677264152,
        0.8430999211770429,
        -0.011026670624541938,
        0.8136099139076346,
        0.9626305326798492,
        1.5991402741089054,
        1.227032697365299,
        0.45534263014034,
        0.7946588806027081,
        0.400547781790813,
        0.0017993782582309875,
        0.015831621123247982,
        0.9969644074450433,
        -0.06636328686559759,
        0.0406989443108074,
        0.0012167070863413187
      ],
      "ctrl": [
        0.8491664796306198,
        0.8117994699978529,
        -0.18894172260989167,
        1.1252424893624382,
        -0.8729048684990959,
        1.7547175225678373,
        1.232556054812097,
        1.2,
        0.0,
        1.0,
        1.0,
        1.2,
        0.0,
        1.0,
        1.0,
        1.2,
        0.0,
        1.0,
        1.0,
        1.9,
        1.2,
        0.5,
        0.8
      ],
      "grasp_t": 1.0,
      "ee_pos": [
        0.35471484101758716,
        0.16442141877141736,
        0.0666174089486653
      ],
      "obj_pos": [
        0.400547781790813,
        0.0017993782582309875,
        0.015831621123247982
      ],
      "time": 82.59400000003032
    },
    {
      "qpos": [
        0.6037795731100198,
        0.285194223046007,
        0.11304711510469934,
        0.9838255970260266,
        -1.057267190203384,
        2.0964982046038836,
        0.9666831815975694,
        1.0289120125610187,
        -0.00481792663969997,
        0.6672016270658738,
        0.9498549150697546,
        0.8852591052831419,
        0.0007883922625846676,
        0.8372316830947529,
        0.8363746686931329,
        0.8539277690081644,
        -0.012241195227083522,
        0.8055597677961828,
        0.9714713219639759,
        1.6155400005475156,
        1.225402265880832,
        0.44000519748027594,
        0.799868676832503,
        0.4001663965140529,
        0.003895074127510701,
        0.21519527230289426,
        0.9965819507809371,
        -0.06655148818256404,
        0.04892826392988212,
        0.0011574917517041454
      ],